measure_id,measure_name,direction,site_id,denominator,numerator,rate
DEP_FOLLOWUP,Follow-up after a positive depression screen,higher_better,ALL,407,285,0.7002
DEP_FOLLOWUP,Follow-up after a positive depression screen,higher_better,S01,51,37,0.7255
DEP_FOLLOWUP,Follow-up after a positive depression screen,higher_better,S02,36,22,0.6111
DEP_FOLLOWUP,Follow-up after a positive depression screen,higher_better,S03,33,25,0.7576
DEP_FOLLOWUP,Follow-up after a positive depression screen,higher_better,S04,44,33,0.75
DEP_FOLLOWUP,Follow-up after a positive depression screen,higher_better,S05,35,25,0.7143
DEP_FOLLOWUP,Follow-up after a positive depression screen,higher_better,S06,31,23,0.7419
DEP_FOLLOWUP,Follow-up after a positive depression screen,higher_better,S07,39,25,0.641
DEP_FOLLOWUP,Follow-up after a positive depression screen,higher_better,S08,14,6,0.4286
DEP_FOLLOWUP,Follow-up after a positive depression screen,higher_better,S09,32,24,0.75
DEP_FOLLOWUP,Follow-up after a positive depression screen,higher_better,S10,25,19,0.76
DEP_FOLLOWUP,Follow-up after a positive depression screen,higher_better,S11,24,15,0.625
DEP_FOLLOWUP,Follow-up after a positive depression screen,higher_better,S12,43,31,0.7209
DEP_SCREEN,Depression screening,higher_better,ALL,3520,2612,0.742
DEP_SCREEN,Depression screening,higher_better,S01,392,322,0.8214
DEP_SCREEN,Depression screening,higher_better,S02,276,220,0.7971
DEP_SCREEN,Depression screening,higher_better,S03,334,230,0.6886
DEP_SCREEN,Depression screening,higher_better,S04,252,220,0.873
DEP_SCREEN,Depression screening,higher_better,S05,379,238,0.628
DEP_SCREEN,Depression screening,higher_better,S06,242,168,0.6942
DEP_SCREEN,Depression screening,higher_better,S07,283,240,0.8481
DEP_SCREEN,Depression screening,higher_better,S08,179,103,0.5754
DEP_SCREEN,Depression screening,higher_better,S09,343,247,0.7201
DEP_SCREEN,Depression screening,higher_better,S10,232,191,0.8233
DEP_SCREEN,Depression screening,higher_better,S11,256,164,0.6406
DEP_SCREEN,Depression screening,higher_better,S12,352,269,0.7642
DM_A1C_CONTROLLED,Diabetes: HbA1c below 8.0%,higher_better,ALL,307,141,0.4593
DM_A1C_CONTROLLED,Diabetes: HbA1c below 8.0%,higher_better,S01,33,11,0.3333
DM_A1C_CONTROLLED,Diabetes: HbA1c below 8.0%,higher_better,S02,25,9,0.36
DM_A1C_CONTROLLED,Diabetes: HbA1c below 8.0%,higher_better,S03,40,19,0.475
DM_A1C_CONTROLLED,Diabetes: HbA1c below 8.0%,higher_better,S04,22,8,0.3636
DM_A1C_CONTROLLED,Diabetes: HbA1c below 8.0%,higher_better,S05,38,14,0.3684
DM_A1C_CONTROLLED,Diabetes: HbA1c below 8.0%,higher_better,S06,24,17,0.7083
DM_A1C_CONTROLLED,Diabetes: HbA1c below 8.0%,higher_better,S07,20,12,0.6
DM_A1C_CONTROLLED,Diabetes: HbA1c below 8.0%,higher_better,S08,10,7,0.7
DM_A1C_CONTROLLED,Diabetes: HbA1c below 8.0%,higher_better,S09,28,12,0.4286
DM_A1C_CONTROLLED,Diabetes: HbA1c below 8.0%,higher_better,S10,19,11,0.5789
DM_A1C_CONTROLLED,Diabetes: HbA1c below 8.0%,higher_better,S11,21,8,0.381
DM_A1C_CONTROLLED,Diabetes: HbA1c below 8.0%,higher_better,S12,27,13,0.4815
DM_A1C_POOR,Diabetes: HbA1c above 9.0% or not tested,lower_better,ALL,307,114,0.3713
DM_A1C_POOR,Diabetes: HbA1c above 9.0% or not tested,lower_better,S01,33,17,0.5152
DM_A1C_POOR,Diabetes: HbA1c above 9.0% or not tested,lower_better,S02,25,11,0.44
DM_A1C_POOR,Diabetes: HbA1c above 9.0% or not tested,lower_better,S03,40,18,0.45
DM_A1C_POOR,Diabetes: HbA1c above 9.0% or not tested,lower_better,S04,22,8,0.3636
DM_A1C_POOR,Diabetes: HbA1c above 9.0% or not tested,lower_better,S05,38,13,0.3421
DM_A1C_POOR,Diabetes: HbA1c above 9.0% or not tested,lower_better,S06,24,4,0.1667
DM_A1C_POOR,Diabetes: HbA1c above 9.0% or not tested,lower_better,S07,20,6,0.3
DM_A1C_POOR,Diabetes: HbA1c above 9.0% or not tested,lower_better,S08,10,3,0.3
DM_A1C_POOR,Diabetes: HbA1c above 9.0% or not tested,lower_better,S09,28,13,0.4643
DM_A1C_POOR,Diabetes: HbA1c above 9.0% or not tested,lower_better,S10,19,6,0.3158
DM_A1C_POOR,Diabetes: HbA1c above 9.0% or not tested,lower_better,S11,21,5,0.2381
DM_A1C_POOR,Diabetes: HbA1c above 9.0% or not tested,lower_better,S12,27,10,0.3704
DM_A1C_TESTED,Diabetes: HbA1c tested,higher_better,ALL,307,273,0.8893
DM_A1C_TESTED,Diabetes: HbA1c tested,higher_better,S01,33,28,0.8485
DM_A1C_TESTED,Diabetes: HbA1c tested,higher_better,S02,25,22,0.88
DM_A1C_TESTED,Diabetes: HbA1c tested,higher_better,S03,40,34,0.85
DM_A1C_TESTED,Diabetes: HbA1c tested,higher_better,S04,22,19,0.8636
DM_A1C_TESTED,Diabetes: HbA1c tested,higher_better,S05,38,34,0.8947
DM_A1C_TESTED,Diabetes: HbA1c tested,higher_better,S06,24,22,0.9167
DM_A1C_TESTED,Diabetes: HbA1c tested,higher_better,S07,20,18,0.9
DM_A1C_TESTED,Diabetes: HbA1c tested,higher_better,S08,10,9,0.9
DM_A1C_TESTED,Diabetes: HbA1c tested,higher_better,S09,28,23,0.8214
DM_A1C_TESTED,Diabetes: HbA1c tested,higher_better,S10,19,18,0.9474
DM_A1C_TESTED,Diabetes: HbA1c tested,higher_better,S11,21,21,1.0
DM_A1C_TESTED,Diabetes: HbA1c tested,higher_better,S12,27,25,0.9259
PDC_DIABETES,Adherence: diabetes medications,higher_better,ALL,323,204,0.6316
PDC_DIABETES,Adherence: diabetes medications,higher_better,S01,33,27,0.8182
PDC_DIABETES,Adherence: diabetes medications,higher_better,S02,27,19,0.7037
PDC_DIABETES,Adherence: diabetes medications,higher_better,S03,39,21,0.5385
PDC_DIABETES,Adherence: diabetes medications,higher_better,S04,18,7,0.3889
PDC_DIABETES,Adherence: diabetes medications,higher_better,S05,38,25,0.6579
PDC_DIABETES,Adherence: diabetes medications,higher_better,S06,29,20,0.6897
PDC_DIABETES,Adherence: diabetes medications,higher_better,S07,22,11,0.5
PDC_DIABETES,Adherence: diabetes medications,higher_better,S08,14,11,0.7857
PDC_DIABETES,Adherence: diabetes medications,higher_better,S09,31,21,0.6774
PDC_DIABETES,Adherence: diabetes medications,higher_better,S10,21,13,0.619
PDC_DIABETES,Adherence: diabetes medications,higher_better,S11,21,12,0.5714
PDC_DIABETES,Adherence: diabetes medications,higher_better,S12,30,17,0.5667
PDC_RAS,Adherence: RAS antagonists,higher_better,ALL,690,434,0.629
PDC_RAS,Adherence: RAS antagonists,higher_better,S01,73,45,0.6164
PDC_RAS,Adherence: RAS antagonists,higher_better,S02,53,33,0.6226
PDC_RAS,Adherence: RAS antagonists,higher_better,S03,79,45,0.5696
PDC_RAS,Adherence: RAS antagonists,higher_better,S04,40,26,0.65
PDC_RAS,Adherence: RAS antagonists,higher_better,S05,82,56,0.6829
PDC_RAS,Adherence: RAS antagonists,higher_better,S06,47,36,0.766
PDC_RAS,Adherence: RAS antagonists,higher_better,S07,53,37,0.6981
PDC_RAS,Adherence: RAS antagonists,higher_better,S08,35,20,0.5714
PDC_RAS,Adherence: RAS antagonists,higher_better,S09,62,36,0.5806
PDC_RAS,Adherence: RAS antagonists,higher_better,S10,37,20,0.5405
PDC_RAS,Adherence: RAS antagonists,higher_better,S11,55,35,0.6364
PDC_RAS,Adherence: RAS antagonists,higher_better,S12,74,45,0.6081
PDC_STATIN,Adherence: statins,higher_better,ALL,553,349,0.6311
PDC_STATIN,Adherence: statins,higher_better,S01,60,35,0.5833
PDC_STATIN,Adherence: statins,higher_better,S02,46,28,0.6087
PDC_STATIN,Adherence: statins,higher_better,S03,56,38,0.6786
PDC_STATIN,Adherence: statins,higher_better,S04,34,23,0.6765
PDC_STATIN,Adherence: statins,higher_better,S05,58,33,0.569
PDC_STATIN,Adherence: statins,higher_better,S06,29,17,0.5862
PDC_STATIN,Adherence: statins,higher_better,S07,43,26,0.6047
PDC_STATIN,Adherence: statins,higher_better,S08,31,25,0.8065
PDC_STATIN,Adherence: statins,higher_better,S09,51,34,0.6667
PDC_STATIN,Adherence: statins,higher_better,S10,45,30,0.6667
PDC_STATIN,Adherence: statins,higher_better,S11,33,19,0.5758
PDC_STATIN,Adherence: statins,higher_better,S12,67,41,0.6119
SDOH_SCREEN,Social needs screening,higher_better,ALL,3289,1316,0.4001
SDOH_SCREEN,Social needs screening,higher_better,S01,357,157,0.4398
SDOH_SCREEN,Social needs screening,higher_better,S02,247,103,0.417
SDOH_SCREEN,Social needs screening,higher_better,S03,315,115,0.3651
SDOH_SCREEN,Social needs screening,higher_better,S04,234,119,0.5085
SDOH_SCREEN,Social needs screening,higher_better,S05,355,118,0.3324
SDOH_SCREEN,Social needs screening,higher_better,S06,225,89,0.3956
SDOH_SCREEN,Social needs screening,higher_better,S07,267,140,0.5243
SDOH_SCREEN,Social needs screening,higher_better,S08,172,52,0.3023
SDOH_SCREEN,Social needs screening,higher_better,S09,316,121,0.3829
SDOH_SCREEN,Social needs screening,higher_better,S10,221,92,0.4163
SDOH_SCREEN,Social needs screening,higher_better,S11,246,80,0.3252
SDOH_SCREEN,Social needs screening,higher_better,S12,334,130,0.3892
