feed,load_id,rule_id,rule_type,action,dimension,rows_evaluated,rows_failed,outcome,detail
appointments,appointments_main_20260216.c092c200,APT-001,volume,block,completeness,14371,0,skipped,no comparable earlier delivery
appointments,appointments_main_20260216.c092c200,APT-002,date_format,warn,conformity,14371,0,pass,
appointments,appointments_main_20260216.c092c200,APT-003,repair,repair,conformity,14371,0,pass,
appointments,appointments_main_20260216.c092c200,APT-004,required,quarantine,completeness,14371,0,pass,
appointments,appointments_main_20260216.c092c200,APT-005,parse,quarantine,validity,14371,0,pass,
appointments,appointments_main_20260216.c092c200,APT-006,mapped,quarantine,conformity,14371,6,quarantined,
appointments,appointments_main_20260216.c092c200,APT-007,in_reference,quarantine,integrity,14371,3,quarantined,
appointments,appointments_main_20260216.c092c200,APT-008,expression,quarantine,validity,14371,0,pass,
appointments,appointments_main_20260216.c092c200,APT-009,on_roster,quarantine,integrity,14371,15,quarantined,
appointments,appointments_main_20260216.c092c200,APT-010,key_conflict,quarantine,uniqueness,14371,0,pass,
appointments,appointments_main_20260216.c092c200,APT-011,mapped,warn,conformity,14371,5,warn,
appointments,appointments_main_20260216.c092c200,APT-012,closed_period,warn,timeliness,14371,0,pass,
appointments,appointments_mobile_20260216.12fb0583,APT-001,volume,block,completeness,1270,0,skipped,no comparable earlier delivery
appointments,appointments_mobile_20260216.12fb0583,APT-002,date_format,warn,conformity,1270,0,pass,
appointments,appointments_mobile_20260216.12fb0583,APT-003,repair,repair,conformity,1270,0,pass,
appointments,appointments_mobile_20260216.12fb0583,APT-004,required,quarantine,completeness,1270,0,pass,
appointments,appointments_mobile_20260216.12fb0583,APT-005,parse,quarantine,validity,1270,0,pass,
appointments,appointments_mobile_20260216.12fb0583,APT-006,mapped,quarantine,conformity,1270,0,pass,
appointments,appointments_mobile_20260216.12fb0583,APT-007,in_reference,quarantine,integrity,1270,0,pass,
appointments,appointments_mobile_20260216.12fb0583,APT-008,expression,quarantine,validity,1270,0,pass,
appointments,appointments_mobile_20260216.12fb0583,APT-009,on_roster,quarantine,integrity,1270,0,pass,
appointments,appointments_mobile_20260216.12fb0583,APT-010,key_conflict,quarantine,uniqueness,1270,0,pass,
appointments,appointments_mobile_20260216.12fb0583,APT-011,mapped,warn,conformity,1270,0,pass,
appointments,appointments_mobile_20260216.12fb0583,APT-012,closed_period,warn,timeliness,1270,0,pass,
labs,labs_20260216.d821fbe9,LAB-001,volume,block,completeness,2248,0,skipped,no comparable earlier delivery
labs,labs_20260216.d821fbe9,LAB-002,date_format,warn,conformity,2248,0,pass,
labs,labs_20260216.d821fbe9,LAB-003,repair,repair,conformity,2248,30,repaired,
labs,labs_20260216.d821fbe9,LAB-004,required,quarantine,completeness,2248,0,pass,
labs,labs_20260216.d821fbe9,LAB-005,parse,quarantine,validity,2248,0,pass,
labs,labs_20260216.d821fbe9,LAB-006,not_future,quarantine,validity,2248,0,pass,
labs,labs_20260216.d821fbe9,LAB-007,in_reference,quarantine,conformity,2248,0,pass,
labs,labs_20260216.d821fbe9,LAB-008,expression,quarantine,validity,2248,5,quarantined,
labs,labs_20260216.d821fbe9,LAB-009,expression,quarantine,conformity,2248,0,pass,
labs,labs_20260216.d821fbe9,LAB-010,expression,quarantine,validity,2248,2,quarantined,
labs,labs_20260216.d821fbe9,LAB-011,on_roster,quarantine,integrity,2248,5,quarantined,
labs,labs_20260216.d821fbe9,LAB-012,key_conflict,quarantine,uniqueness,2248,0,pass,
labs,labs_20260216.d821fbe9,LAB-013,closed_period,warn,timeliness,2248,0,pass,
pharmacy,rx_claims_20260216.b0963897,RX-001,volume,block,completeness,14040,0,skipped,no comparable earlier delivery
pharmacy,rx_claims_20260216.b0963897,RX-002,date_format,warn,conformity,14040,0,pass,
pharmacy,rx_claims_20260216.b0963897,RX-003,repair,repair,conformity,14040,0,pass,
pharmacy,rx_claims_20260216.b0963897,RX-004,required,quarantine,completeness,14040,0,pass,
pharmacy,rx_claims_20260216.b0963897,RX-005,parse,quarantine,validity,14040,0,pass,
pharmacy,rx_claims_20260216.b0963897,RX-006,expression,quarantine,validity,14040,5,quarantined,
pharmacy,rx_claims_20260216.b0963897,RX-007,mapped,quarantine,validity,14040,0,pass,
pharmacy,rx_claims_20260216.b0963897,RX-008,in_reference,quarantine,conformity,14040,3,quarantined,
pharmacy,rx_claims_20260216.b0963897,RX-009,not_future,quarantine,validity,14040,0,pass,
pharmacy,rx_claims_20260216.b0963897,RX-010,on_roster,quarantine,integrity,14040,12,quarantined,
pharmacy,rx_claims_20260216.b0963897,RX-011,key_conflict,quarantine,uniqueness,14040,0,pass,
pharmacy,rx_claims_20260216.b0963897,RX-012,closed_period,warn,timeliness,14040,0,pass,
roster,roster_20260216.cfbb6212,ROS-001,volume,block,completeness,4990,0,skipped,no comparable earlier delivery
roster,roster_20260216.cfbb6212,ROS-002,repair,repair,conformity,4990,0,pass,
roster,roster_20260216.cfbb6212,ROS-003,required,quarantine,completeness,4990,0,pass,
roster,roster_20260216.cfbb6212,ROS-004,expression,quarantine,conformity,4990,0,pass,
roster,roster_20260216.cfbb6212,ROS-005,parse,quarantine,validity,4990,2,quarantined,
roster,roster_20260216.cfbb6212,ROS-006,expression,quarantine,validity,4990,0,pass,
roster,roster_20260216.cfbb6212,ROS-007,repair,repair,conformity,4990,5,repaired,
roster,roster_20260216.cfbb6212,ROS-008,in_reference,quarantine,integrity,4990,3,quarantined,
roster,roster_20260216.cfbb6212,ROS-009,mapped,quarantine,validity,4990,0,pass,
roster,roster_20260216.cfbb6212,ROS-010,key_conflict,quarantine,uniqueness,4990,4,quarantined,
roster,roster_20260216.cfbb6212,ROS-011,expression,warn,conformity,4990,10,warn,
roster,roster_20260216.cfbb6212,ROS-012,completeness,warn,completeness,4990,186,pass,96.3% recorded (minimum 95%)
roster,roster_20260216.cfbb6212,ROS-013,mapped,warn,validity,4990,0,pass,
screenings,screenings_20260216.e2da031c,SCR-001,volume,block,completeness,3049,0,skipped,no comparable earlier delivery
screenings,screenings_20260216.e2da031c,SCR-002,date_format,warn,conformity,3049,0,pass,
screenings,screenings_20260216.e2da031c,SCR-003,repair,repair,conformity,3049,0,pass,
screenings,screenings_20260216.e2da031c,SCR-004,required,quarantine,completeness,3049,0,pass,
screenings,screenings_20260216.e2da031c,SCR-005,parse,quarantine,validity,3049,0,pass,
screenings,screenings_20260216.e2da031c,SCR-006,not_future,quarantine,validity,3049,0,pass,
screenings,screenings_20260216.e2da031c,SCR-007,expression,quarantine,validity,3049,6,quarantined,
screenings,screenings_20260216.e2da031c,SCR-008,expression,quarantine,validity,3049,0,pass,
screenings,screenings_20260216.e2da031c,SCR-009,mapped,quarantine,validity,3049,4,quarantined,
screenings,screenings_20260216.e2da031c,SCR-010,on_roster,quarantine,integrity,3049,15,quarantined,
screenings,screenings_20260216.e2da031c,SCR-011,key_conflict,quarantine,uniqueness,3049,0,pass,
screenings,screenings_20260216.e2da031c,SCR-012,expression,warn,consistency,3049,8,warn,
screenings,screenings_20260216.e2da031c,SCR-013,closed_period,warn,timeliness,3049,0,pass,
