issue_id,feed,rule_id,scope,title,status,first_seen,last_seen,current_count,peak_count,resolution,resolved_on,detail
appointments:APT-006,appointments,APT-006,rows,Status code is mapped,open,2026-02-16,2026-02-16,6,6,,,6 row(s) held; re-checked when the roster or reference data changes
appointments:APT-007,appointments,APT-007,rows,Clinic exists,open,2026-02-16,2026-02-16,3,3,,,3 row(s) held for a steward
appointments:APT-009,appointments,APT-009,rows,Patient is on the roster,open,2026-02-16,2026-02-16,15,15,,,15 row(s) held; re-checked when the roster or reference data changes
labs:LAB-008,labs,LAB-008,rows,Result is a number or a censored number,open,2026-02-16,2026-02-16,5,5,,,5 row(s) held for a steward
labs:LAB-010,labs,LAB-010,rows,Result is clinically plausible,open,2026-02-16,2026-02-16,2,2,,,2 row(s) held for a steward
labs:LAB-011,labs,LAB-011,rows,Patient is on the roster,open,2026-02-16,2026-02-16,5,5,,,5 row(s) held; re-checked when the roster or reference data changes
pharmacy:RX-006,pharmacy,RX-006,rows,Days supply is a whole number from 1 to 365,open,2026-02-16,2026-02-16,5,5,,,5 row(s) held for a steward
pharmacy:RX-008,pharmacy,RX-008,rows,Drug is in a tracked class,open,2026-02-16,2026-02-16,3,3,,,3 row(s) held for a steward
pharmacy:RX-010,pharmacy,RX-010,rows,Patient is on the roster,open,2026-02-16,2026-02-16,12,12,,,12 row(s) held; re-checked when the roster or reference data changes
roster:ROS-005,roster,ROS-005,rows,Birth date is a real date,open,2026-02-16,2026-02-16,2,2,,,2 row(s) held for a steward
roster:ROS-008,roster,ROS-008,rows,Attributed clinic exists,open,2026-02-16,2026-02-16,3,3,,,3 row(s) held for a steward
roster:ROS-010,roster,ROS-010,rows,One row per record number,open,2026-02-16,2026-02-16,4,4,,,4 row(s) held for a steward
screenings:SCR-007,screenings,SCR-007,rows,Item responses are whole numbers within the instrument's range,open,2026-02-16,2026-02-16,6,6,,,6 row(s) held for a steward
screenings:SCR-009,screenings,SCR-009,rows,Administration mode is recognised,open,2026-02-16,2026-02-16,4,4,,,4 row(s) held; re-checked when the roster or reference data changes
screenings:SCR-010,screenings,SCR-010,rows,Patient is on the roster,open,2026-02-16,2026-02-16,15,15,,,15 row(s) held; re-checked when the roster or reference data changes
