feed,file,row,rules,status,first_held,released,detail
roster,roster_20260216.csv,257,ROS-010,held,2026-02-16_01,,ROS-010: ########
roster,roster_20260216.csv,258,ROS-010,held,2026-02-16_01,,ROS-010: ########
roster,roster_20260216.csv,519,ROS-008,held,2026-02-16_01,,ROS-008: S99
roster,roster_20260216.csv,803,ROS-008,held,2026-02-16_01,,ROS-008: S99
roster,roster_20260216.csv,1785,ROS-005,held,2026-02-16_01,,ROS-005: 1951-02-30
roster,roster_20260216.csv,2543,ROS-005,held,2026-02-16_01,,ROS-005: 1974-02-30
roster,roster_20260216.csv,4516,ROS-008,held,2026-02-16_01,,ROS-008: S99
roster,roster_20260216.csv,4944,ROS-010,held,2026-02-16_01,,ROS-010: ########
roster,roster_20260216.csv,4945,ROS-010,held,2026-02-16_01,,ROS-010: ########
screenings,screenings_20260216.csv,99,SCR-010,held,2026-02-16_01,,SCR-010: ########
screenings,screenings_20260216.csv,272,SCR-010,held,2026-02-16_01,,SCR-010: ########
screenings,screenings_20260216.csv,277,SCR-010,held,2026-02-16_01,,SCR-010: ########
screenings,screenings_20260216.csv,300,SCR-009,held,2026-02-16_01,,SCR-009: Kiosk
screenings,screenings_20260216.csv,615,SCR-007,held,2026-02-16_01,,SCR-007: phq9_q7=-1
screenings,screenings_20260216.csv,745,SCR-009,held,2026-02-16_01,,SCR-009: Kiosk
screenings,screenings_20260216.csv,1068,SCR-007,held,2026-02-16_01,,SCR-007: phq9_q9=x
screenings,screenings_20260216.csv,1174,SCR-007,held,2026-02-16_01,,SCR-007: phq9_q9=9
screenings,screenings_20260216.csv,1358,SCR-007,held,2026-02-16_01,,SCR-007: phq9_q3=4
screenings,screenings_20260216.csv,1878,SCR-009,held,2026-02-16_01,,SCR-009: Kiosk
screenings,screenings_20260216.csv,2491,SCR-009,held,2026-02-16_01,,SCR-009: Kiosk
screenings,screenings_20260216.csv,2807,SCR-007,held,2026-02-16_01,,SCR-007: phq9_q9=2.5
screenings,screenings_20260216.csv,2932,SCR-007,held,2026-02-16_01,,SCR-007: phq9_q7=7
screenings,screenings_20260216.csv,2987,SCR-010,held,2026-02-16_01,,SCR-010: ########
screenings,screenings_20260216.csv,2991,SCR-010,held,2026-02-16_01,,SCR-010: ########
screenings,screenings_20260216.csv,2994,SCR-010,held,2026-02-16_01,,SCR-010: ########
screenings,screenings_20260216.csv,2996,SCR-010,held,2026-02-16_01,,SCR-010: ########
screenings,screenings_20260216.csv,2998,SCR-010,held,2026-02-16_01,,SCR-010: ########
screenings,screenings_20260216.csv,3002,SCR-010,held,2026-02-16_01,,SCR-010: ########
screenings,screenings_20260216.csv,3019,SCR-010,held,2026-02-16_01,,SCR-010: ########
screenings,screenings_20260216.csv,3026,SCR-010,held,2026-02-16_01,,SCR-010: ########
screenings,screenings_20260216.csv,3034,SCR-010,held,2026-02-16_01,,SCR-010: ########
screenings,screenings_20260216.csv,3035,SCR-010,held,2026-02-16_01,,SCR-010: ########
screenings,screenings_20260216.csv,3036,SCR-010,held,2026-02-16_01,,SCR-010: ########
screenings,screenings_20260216.csv,3038,SCR-010,held,2026-02-16_01,,SCR-010: ########
labs,labs_20260216.csv,321,LAB-011,held,2026-02-16_01,,LAB-011: ########
labs,labs_20260216.csv,940,LAB-008,held,2026-02-16_01,,LAB-008: HEMOLYZED
labs,labs_20260216.csv,941,LAB-011,held,2026-02-16_01,,LAB-011: ########
labs,labs_20260216.csv,1040,LAB-008,held,2026-02-16_01,,LAB-008: CANCELLED
labs,labs_20260216.csv,1067,LAB-008,held,2026-02-16_01,,LAB-008: QNS
labs,labs_20260216.csv,1166,LAB-008,held,2026-02-16_01,,LAB-008: SEE NOTE
labs,labs_20260216.csv,1347,LAB-008,held,2026-02-16_01,,LAB-008: QNS
labs,labs_20260216.csv,1451,LAB-011,held,2026-02-16_01,,LAB-011: ########
labs,labs_20260216.csv,1922,LAB-010,held,2026-02-16_01,,LAB-010: HBA1C 53 %
labs,labs_20260216.csv,1947,LAB-011,held,2026-02-16_01,,LAB-011: ########
labs,labs_20260216.csv,1954,LAB-010,held,2026-02-16_01,,LAB-010: HBA1C 61 %
labs,labs_20260216.csv,2231,LAB-011,held,2026-02-16_01,,LAB-011: ########
appointments,appointments_main_20260216.csv,532,APT-007,held,2026-02-16_01,,APT-007: S00
appointments,appointments_main_20260216.csv,793,APT-007,held,2026-02-16_01,,APT-007: S00
appointments,appointments_main_20260216.csv,1095,APT-006,held,2026-02-16_01,,APT-006: LWBS
appointments,appointments_main_20260216.csv,1262,APT-007,held,2026-02-16_01,,APT-007: S00
appointments,appointments_main_20260216.csv,1384,APT-006,held,2026-02-16_01,,APT-006: LWBS
appointments,appointments_main_20260216.csv,4185,APT-006,held,2026-02-16_01,,APT-006: LWBS
appointments,appointments_main_20260216.csv,4187,APT-009,held,2026-02-16_01,,APT-009: ########
appointments,appointments_main_20260216.csv,5693,APT-006,held,2026-02-16_01,,APT-006: LWBS
appointments,appointments_main_20260216.csv,7484,APT-009,held,2026-02-16_01,,APT-009: ########
appointments,appointments_main_20260216.csv,8914,APT-006,held,2026-02-16_01,,APT-006: LWBS
appointments,appointments_main_20260216.csv,11701,APT-006,held,2026-02-16_01,,APT-006: LWBS
appointments,appointments_main_20260216.csv,11911,APT-009,held,2026-02-16_01,,APT-009: ########
appointments,appointments_main_20260216.csv,13634,APT-009,held,2026-02-16_01,,APT-009: ########
appointments,appointments_main_20260216.csv,13641,APT-009,held,2026-02-16_01,,APT-009: ########
appointments,appointments_main_20260216.csv,13651,APT-009,held,2026-02-16_01,,APT-009: ########
appointments,appointments_main_20260216.csv,13658,APT-009,held,2026-02-16_01,,APT-009: ########
appointments,appointments_main_20260216.csv,13668,APT-009,held,2026-02-16_01,,APT-009: ########
appointments,appointments_main_20260216.csv,13682,APT-009,held,2026-02-16_01,,APT-009: ########
appointments,appointments_main_20260216.csv,13744,APT-009,held,2026-02-16_01,,APT-009: ########
appointments,appointments_main_20260216.csv,13767,APT-009,held,2026-02-16_01,,APT-009: ########
appointments,appointments_main_20260216.csv,13785,APT-009,held,2026-02-16_01,,APT-009: ########
appointments,appointments_main_20260216.csv,13798,APT-009,held,2026-02-16_01,,APT-009: ########
appointments,appointments_main_20260216.csv,13806,APT-009,held,2026-02-16_01,,APT-009: ########
appointments,appointments_main_20260216.csv,13810,APT-009,held,2026-02-16_01,,APT-009: ########
pharmacy,rx_claims_20260216.csv,222,RX-008,held,2026-02-16_01,,RX-008: amoxicillin
pharmacy,rx_claims_20260216.csv,1538,RX-006,held,2026-02-16_01,,RX-006: 0
pharmacy,rx_claims_20260216.csv,4914,RX-006,held,2026-02-16_01,,RX-006: 400
pharmacy,rx_claims_20260216.csv,5083,RX-008,held,2026-02-16_01,,RX-008: amoxicillin
pharmacy,rx_claims_20260216.csv,6851,RX-010,held,2026-02-16_01,,RX-010: ########
pharmacy,rx_claims_20260216.csv,6880,RX-010,held,2026-02-16_01,,RX-010: ########
pharmacy,rx_claims_20260216.csv,8158,RX-006,held,2026-02-16_01,,RX-006: 999
pharmacy,rx_claims_20260216.csv,10892,RX-008,held,2026-02-16_01,,RX-008: amoxicillin
pharmacy,rx_claims_20260216.csv,12256,RX-006,held,2026-02-16_01,,RX-006: 0
pharmacy,rx_claims_20260216.csv,12722,RX-006,held,2026-02-16_01,,RX-006: -30
pharmacy,rx_claims_20260216.csv,13860,RX-010,held,2026-02-16_01,,RX-010: ########
pharmacy,rx_claims_20260216.csv,13864,RX-010,held,2026-02-16_01,,RX-010: ########
pharmacy,rx_claims_20260216.csv,13873,RX-010,held,2026-02-16_01,,RX-010: ########
pharmacy,rx_claims_20260216.csv,13874,RX-010,held,2026-02-16_01,,RX-010: ########
pharmacy,rx_claims_20260216.csv,13880,RX-010,held,2026-02-16_01,,RX-010: ########
pharmacy,rx_claims_20260216.csv,13915,RX-010,held,2026-02-16_01,,RX-010: ########
pharmacy,rx_claims_20260216.csv,13936,RX-010,held,2026-02-16_01,,RX-010: ########
pharmacy,rx_claims_20260216.csv,13937,RX-010,held,2026-02-16_01,,RX-010: ########
pharmacy,rx_claims_20260216.csv,13978,RX-010,held,2026-02-16_01,,RX-010: ########
pharmacy,rx_claims_20260216.csv,13979,RX-010,held,2026-02-16_01,,RX-010: ########
